dataset,paper_id,content_path,non_empty_extractions,non_empty_extractions_evaluable,grounded_extractions,sentence_grounded_count,paraphrased_evidence,missing_evidence,empty_evidence,evidence_not_found,non_empty_extractions_without_source_text
qwen3_8b_direct,paper1,Data/paper1/content.txt,8,8,3,2,0,0,0,5,0
qwen3_8b_direct,paper1004,Data/paper1004/content.txt,8,8,2,2,0,0,0,6,0
qwen3_8b_direct,paper1013,Data/paper1013/content.txt,8,8,1,2,0,0,0,7,0
qwen3_8b_direct,paper1014,Data/paper1014/content.txt,8,8,3,4,0,0,0,5,0
qwen3_8b_direct,paper1015,Data/paper1015/content.txt,8,8,0,0,5,0,0,3,0
qwen3_8b_direct,paper1016,Data/paper1016/content.txt,0,0,0,0,0,0,0,0,0
qwen3_8b_direct,paper1017,Data/paper1017/content.txt,8,8,0,2,0,0,0,8,0
qwen3_8b_direct,paper1020,Data/paper1020/content.txt,8,8,2,4,0,0,0,6,0
qwen3_8b_direct,paper1022,Data/paper1022/content.txt,8,8,0,3,0,0,0,8,0
qwen3_8b_direct,paper1023,Data/paper1023/content.txt,8,8,0,0,0,0,0,8,0
qwen3_8b_direct,paper1025,Data/paper1025/content.txt,8,8,0,2,0,0,0,8,0
qwen3_8b_direct,paper1026,Data/paper1026/content.txt,8,8,1,5,0,0,0,7,0
qwen3_8b_direct,paper103,Data/paper103/content.txt,8,8,2,5,0,0,0,6,0
qwen3_8b_direct,paper1030,Data/paper1030/content.txt,8,8,2,3,0,0,0,6,0
qwen3_8b_direct,paper1038,Data/paper1038/content.txt,8,8,1,5,0,0,0,7,0
qwen3_8b_direct,paper1048,Data/paper1048/content.txt,8,8,0,4,0,0,0,8,0
qwen3_8b_direct,paper1059,Data/paper1059/content.txt,7,7,4,3,0,0,0,3,0
qwen3_8b_direct,paper1060,Data/paper1060/content.txt,7,7,4,2,0,0,0,3,0
qwen3_8b_direct,paper1063,Data/paper1063/content.txt,8,8,6,2,0,0,0,2,0
qwen3_8b_direct,paper1064,Data/paper1064/content.txt,8,8,4,2,0,0,0,4,0
qwen3_8b_direct,paper1067,Data/paper1067/content.txt,8,8,1,6,0,0,0,7,0
qwen3_8b_direct,paper1071,Data/paper1071/content.txt,8,8,2,5,0,0,0,6,0
qwen3_8b_direct,paper1084,Data/paper1084/content.txt,8,8,0,5,0,0,0,8,0
qwen3_8b_direct,paper1087,Data/paper1087/content.txt,8,8,5,3,0,0,0,3,0
qwen3_8b_direct,paper1109,Data/paper1109/content.txt,8,8,4,4,0,0,0,4,0
qwen3_8b_direct,paper1110,Data/paper1110/content.txt,8,8,2,6,0,0,0,6,0
qwen3_8b_direct,paper1128,Data/paper1128/content.txt,8,8,5,2,0,0,0,3,0
qwen3_8b_direct,paper1129,Data/paper1129/content.txt,8,8,2,6,0,0,0,6,0
qwen3_8b_direct,paper1131,Data/paper1131/content.txt,8,8,0,0,0,0,0,8,0
qwen3_8b_direct,paper1142,Data/paper1142/content.txt,8,8,0,0,0,0,0,8,0
qwen3_8b_direct,paper1151,Data/paper1151/content.txt,8,8,3,5,0,0,0,5,0
qwen3_8b_direct,paper1163,Data/paper1163/content.txt,8,8,3,5,0,0,0,5,0
qwen3_8b_direct,paper1178,Data/paper1178/content.txt,8,8,0,0,0,0,0,8,0
qwen3_8b_direct,paper118,Data/paper118/content.txt,0,0,0,0,0,0,0,0,0
qwen3_8b_direct,paper1191,Data/paper1191/content.txt,8,8,4,4,0,0,0,4,0
qwen3_8b_direct,paper1192,Data/paper1192/content.txt,8,8,0,0,0,0,0,8,0
qwen3_8b_direct,paper1195,Data/paper1195/content.txt,8,8,1,2,3,0,0,4,0
qwen3_8b_direct,paper1210,Data/paper1210/content.txt,8,8,2,4,0,0,0,6,0
qwen3_8b_direct,paper1220,Data/paper1220/content.txt,8,8,4,3,0,0,0,4,0
qwen3_8b_direct,paper123,Data/paper123/content.txt,0,0,0,0,0,0,0,0,0
qwen3_8b_direct,paper1240,Data/paper1240/content.txt,8,8,0,0,0,0,0,8,0
qwen3_8b_direct,paper1243,Data/paper1243/content.txt,8,8,0,0,0,0,0,8,0
qwen3_8b_direct,paper1246,Data/paper1246/content.txt,8,8,0,0,8,0,0,0,0
qwen3_8b_direct,paper1257,Data/paper1257/content.txt,8,8,0,0,4,0,0,4,0
qwen3_8b_direct,paper1286,Data/paper1286/content.txt,8,8,0,0,0,0,0,8,0
qwen3_8b_direct,paper1299,Data/paper1299/content.txt,8,8,1,1,0,0,0,7,0
qwen3_8b_direct,paper13,Data/paper13/content.txt,8,8,0,0,0,0,0,8,0
qwen3_8b_direct,paper1300,Data/paper1300/content.txt,8,8,5,2,0,0,0,3,0
qwen3_8b_direct,paper131,Data/paper131/content.txt,8,8,3,2,0,0,0,5,0
qwen3_8b_direct,paper1323,Data/paper1323/content.txt,8,8,4,2,0,0,0,4,0
qwen3_8b_direct,paper1325,Data/paper1325/content.txt,8,8,2,3,0,0,0,6,0
qwen3_8b_direct,paper1326,Data/paper1326/content.txt,8,8,0,0,2,0,0,6,0
qwen3_8b_direct,paper1327,Data/paper1327/content.txt,8,8,4,2,0,0,0,4,0
qwen3_8b_direct,paper1328,Data/paper1328/content.txt,8,8,0,0,0,0,0,8,0
qwen3_8b_direct,paper1338,Data/paper1338/content.txt,8,8,0,0,0,0,0,8,0
qwen3_8b_direct,paper1340,Data/paper1340/content.txt,8,8,0,0,0,0,0,8,0
qwen3_8b_direct,paper1347,Data/paper1347/content.txt,8,8,2,5,0,0,0,6,0
qwen3_8b_direct,paper1353,Data/paper1353/content.txt,8,8,0,0,0,0,0,8,0
qwen3_8b_direct,paper1354,Data/paper1354/content.txt,8,8,0,0,5,0,0,3,0
qwen3_8b_direct,paper1358,Data/paper1358/content.txt,8,8,0,0,2,0,0,6,0
qwen3_8b_direct,paper1359,Data/paper1359/content.txt,8,8,3,3,0,0,0,5,0
qwen3_8b_direct,paper1371,Data/paper1371/content.txt,8,8,3,3,0,0,0,5,0
qwen3_8b_direct,paper14,Data/paper14/content.txt,8,8,1,7,0,0,0,7,0
qwen3_8b_direct,paper140,Data/paper140/content.txt,8,8,0,0,3,0,0,5,0
qwen3_8b_direct,paper1401,Data/paper1401/content.txt,8,8,0,0,0,0,0,8,0
qwen3_8b_direct,paper1408,Data/paper1408/content.txt,8,8,1,1,0,0,0,7,0
qwen3_8b_direct,paper1414,Data/paper1414/content.txt,8,8,3,5,0,0,0,5,0
qwen3_8b_direct,paper1429,Data/paper1429/content.txt,8,8,0,4,0,0,0,8,0
qwen3_8b_direct,paper1448,Data/paper1448/content.txt,8,8,0,2,0,0,0,8,0
qwen3_8b_direct,paper1451,Data/paper1451/content.txt,8,8,2,4,0,0,0,6,0
qwen3_8b_direct,paper1452,Data/paper1452/content.txt,8,8,2,4,0,0,0,6,0
qwen3_8b_direct,paper1467,Data/paper1467/content.txt,8,8,2,4,0,0,0,6,0
qwen3_8b_direct,paper1472,Data/paper1472/content.txt,8,8,5,2,0,0,0,3,0
qwen3_8b_direct,paper1474,Data/paper1474/content.txt,8,8,1,4,0,0,0,7,0
qwen3_8b_direct,paper1475,Data/paper1475/content.txt,8,8,0,1,0,0,0,8,0
qwen3_8b_direct,paper1476,Data/paper1476/content.txt,8,8,0,1,0,0,0,8,0
qwen3_8b_direct,paper148,Data/paper148/content.txt,8,8,2,4,0,0,0,6,0
qwen3_8b_direct,paper1503,Data/paper1503/content.txt,8,8,0,2,0,0,0,8,0
qwen3_8b_direct,paper1506,Data/paper1506/content.txt,8,8,1,4,0,0,0,7,0
qwen3_8b_direct,paper1507,Data/paper1507/content.txt,8,8,2,1,0,0,0,6,0
qwen3_8b_direct,paper1509,Data/paper1509/content.txt,8,8,1,6,0,0,0,7,0
qwen3_8b_direct,paper151,Data/paper151/content.txt,8,8,0,3,0,0,0,8,0
qwen3_8b_direct,paper1519,Data/paper1519/content.txt,7,7,1,2,0,0,0,6,0
qwen3_8b_direct,paper1528,Data/paper1528/content.txt,8,8,1,4,0,0,0,7,0
qwen3_8b_direct,paper1534,Data/paper1534/content.txt,8,8,1,3,0,0,0,7,0
qwen3_8b_direct,paper1537,Data/paper1537/content.txt,8,8,1,3,0,0,0,7,0
qwen3_8b_direct,paper1538,Data/paper1538/content.txt,8,8,1,7,0,0,0,7,0
qwen3_8b_direct,paper1552,Data/paper1552/content.txt,8,8,4,1,0,0,0,4,0
qwen3_8b_direct,paper1556,Data/paper1556/content.txt,8,8,1,7,0,0,0,7,0
qwen3_8b_direct,paper1564,Data/paper1564/content.txt,7,7,2,3,0,0,0,5,0
qwen3_8b_direct,paper1572,Data/paper1572/content.txt,8,8,0,0,1,0,0,7,0
qwen3_8b_direct,paper158,Data/paper158/content.txt,8,8,5,1,0,0,0,3,0
qwen3_8b_direct,paper1584,Data/paper1584/content.txt,0,0,0,0,0,0,0,0,0
qwen3_8b_direct,paper1595,Data/paper1595/content.txt,8,8,0,0,0,0,0,8,0
qwen3_8b_direct,paper1632,Data/paper1632/content.txt,8,8,0,0,0,0,0,8,0
qwen3_8b_direct,paper1638,Data/paper1638/content.txt,8,8,0,0,4,0,0,4,0
qwen3_8b_direct,paper1652,Data/paper1652/content.txt,8,8,0,0,0,0,0,8,0
qwen3_8b_direct,paper1653,Data/paper1653/content.txt,8,8,0,0,0,0,0,8,0
qwen3_8b_direct,paper1654,Data/paper1654/content.txt,8,8,4,3,0,0,0,4,0
qwen3_8b_direct,paper1655,Data/paper1655/content.txt,8,8,3,4,0,0,0,5,0
qwen3_8b_direct,paper1658,Data/paper1658/content.txt,8,8,6,2,0,0,0,2,0
qwen3_8b_direct,paper1659,Data/paper1659/content.txt,6,6,1,0,0,0,0,5,0
qwen3_8b_direct,paper1661,Data/paper1661/content.txt,0,0,0,0,0,0,0,0,0
qwen3_8b_direct,paper1685,Data/paper1685/content.txt,8,8,4,4,0,0,0,4,0
qwen3_8b_direct,paper1703,Data/paper1703/content.txt,8,8,3,2,0,0,0,5,0
qwen3_8b_direct,paper1726,Data/paper1726/content.txt,0,0,0,0,0,0,0,0,0
qwen3_8b_direct,paper1742,Data/paper1742/content.txt,8,8,4,3,0,0,0,4,0
qwen3_8b_direct,paper1746,Data/paper1746/content.txt,8,8,2,1,2,0,0,4,0
qwen3_8b_direct,paper1748,Data/paper1748/content.txt,8,8,2,6,0,0,0,6,0
qwen3_8b_direct,paper175,Data/paper175/content.txt,8,8,5,2,0,0,0,3,0
qwen3_8b_direct,paper1750,Data/paper1750/content.txt,8,8,2,5,0,0,0,6,0
qwen3_8b_direct,paper1754,Data/paper1754/content.txt,8,8,5,3,0,0,0,3,0
qwen3_8b_direct,paper1758,Data/paper1758/content.txt,8,8,2,4,0,0,0,6,0
qwen3_8b_direct,paper176,Data/paper176/content.txt,8,8,4,4,0,0,0,4,0
qwen3_8b_direct,paper1760,Data/paper1760/content.txt,8,8,3,5,0,0,0,5,0
qwen3_8b_direct,paper1764,Data/paper1764/content.txt,8,8,0,5,0,0,0,8,0
qwen3_8b_direct,paper1768,Data/paper1768/content.txt,8,8,4,2,0,0,0,4,0
qwen3_8b_direct,paper1776,Data/paper1776/content.txt,8,8,0,0,6,0,0,2,0
qwen3_8b_direct,paper1783,Data/paper1783/content.txt,8,8,1,2,0,0,0,7,0
qwen3_8b_direct,paper1794,Data/paper1794/content.txt,8,8,3,4,0,0,0,5,0
qwen3_8b_direct,paper1812,Data/paper1812/content.txt,8,8,0,1,0,0,0,8,0
qwen3_8b_direct,paper182,Data/paper182/content.txt,8,8,0,6,0,0,0,8,0
qwen3_8b_direct,paper1832,Data/paper1832/content.txt,7,7,0,0,0,0,0,7,0
qwen3_8b_direct,paper1833,Data/paper1833/content.txt,8,8,0,2,0,0,0,8,0
qwen3_8b_direct,paper1844,Data/paper1844/content.txt,8,8,0,0,0,0,0,8,0
qwen3_8b_direct,paper1845,Data/paper1845/content.txt,8,8,1,1,0,0,0,7,0
qwen3_8b_direct,paper1848,Data/paper1848/content.txt,8,8,0,0,0,0,0,8,0
qwen3_8b_direct,paper1850,Data/paper1850/content.txt,8,8,1,3,0,0,0,7,0
qwen3_8b_direct,paper1862,Data/paper1862/content.txt,8,8,2,1,0,0,0,6,0
qwen3_8b_direct,paper1869,Data/paper1869/content.txt,8,8,4,4,0,0,0,4,0
qwen3_8b_direct,paper1878,Data/paper1878/content.txt,8,8,3,4,0,0,0,5,0
qwen3_8b_direct,paper1890,Data/paper1890/content.txt,8,8,3,4,0,0,0,5,0
qwen3_8b_direct,paper1892,Data/paper1892/content.txt,8,8,4,2,0,0,0,4,0
qwen3_8b_direct,paper1904,Data/paper1904/content.txt,8,8,2,5,0,0,0,6,0
qwen3_8b_direct,paper1905,Data/paper1905/content.txt,8,8,1,7,0,0,0,7,0
qwen3_8b_direct,paper1907,Data/paper1907/content.txt,8,8,5,1,0,0,0,3,0
qwen3_8b_direct,paper1911,Data/paper1911/content.txt,8,8,2,6,0,0,0,6,0
qwen3_8b_direct,paper1914,Data/paper1914/content.txt,8,8,6,1,0,0,0,2,0
qwen3_8b_direct,paper1926,Data/paper1926/content.txt,8,8,2,3,0,0,0,6,0
qwen3_8b_direct,paper1931,Data/paper1931/content.txt,8,8,2,5,0,0,0,6,0
qwen3_8b_direct,paper1941,Data/paper1941/content.txt,8,8,1,0,0,0,0,7,0
qwen3_8b_direct,paper1942,Data/paper1942/content.txt,8,8,3,4,0,0,0,5,0
qwen3_8b_direct,paper1950,Data/paper1950/content.txt,7,7,0,0,0,0,0,7,0
qwen3_8b_direct,paper1981,Data/paper1981/content.txt,8,8,3,3,0,0,0,5,0
qwen3_8b_direct,paper1985,Data/paper1985/content.txt,8,8,4,3,0,0,0,4,0
qwen3_8b_direct,paper1988,Data/paper1988/content.txt,8,8,4,2,0,0,0,4,0
qwen3_8b_direct,paper1990,Data/paper1990/content.txt,8,8,1,3,0,0,0,7,0
qwen3_8b_direct,paper1997,Data/paper1997/content.txt,8,8,2,4,0,0,0,6,0
qwen3_8b_direct,paper2,Data/paper2/content.txt,8,8,2,5,0,0,0,6,0
qwen3_8b_direct,paper2010,Data/paper2010/content.txt,6,6,0,3,0,0,0,6,0
qwen3_8b_direct,paper2021,Data/paper2021/content.txt,8,8,1,4,0,0,0,7,0
qwen3_8b_direct,paper2030,Data/paper2030/content.txt,8,8,0,2,0,0,0,8,0
qwen3_8b_direct,paper2032,Data/paper2032/content.txt,8,8,0,5,0,0,0,8,0
qwen3_8b_direct,paper2034,Data/paper2034/content.txt,8,8,2,4,0,0,0,6,0
qwen3_8b_direct,paper2035,Data/paper2035/content.txt,8,8,4,3,0,0,0,4,0
qwen3_8b_direct,paper2036,Data/paper2036/content.txt,8,8,4,2,0,0,0,4,0
qwen3_8b_direct,paper2038,Data/paper2038/content.txt,8,8,0,0,0,0,0,8,0
qwen3_8b_direct,paper2048,Data/paper2048/content.txt,8,8,5,3,0,0,0,3,0
qwen3_8b_direct,paper2052,Data/paper2052/content.txt,8,8,4,4,0,0,0,4,0
qwen3_8b_direct,paper2054,Data/paper2054/content.txt,8,8,0,0,0,0,0,8,0
qwen3_8b_direct,paper2061,Data/paper2061/content.txt,7,7,2,2,0,0,0,5,0
qwen3_8b_direct,paper207,Data/paper207/content.txt,8,8,0,1,0,0,0,8,0
qwen3_8b_direct,paper2082,Data/paper2082/content.txt,8,8,0,4,0,0,0,8,0
qwen3_8b_direct,paper2088,Data/paper2088/content.txt,8,8,1,4,0,0,0,7,0
qwen3_8b_direct,paper2096,Data/paper2096/content.txt,8,8,2,2,0,0,0,6,0
qwen3_8b_direct,paper2097,Data/paper2097/content.txt,8,8,1,1,0,0,0,7,0
qwen3_8b_direct,paper2106,Data/paper2106/content.txt,8,8,0,3,0,0,0,8,0
qwen3_8b_direct,paper2114,Data/paper2114/content.txt,8,8,4,2,0,0,0,4,0
qwen3_8b_direct,paper2122,Data/paper2122/content.txt,8,8,1,2,0,0,0,7,0
qwen3_8b_direct,paper2124,Data/paper2124/content.txt,8,8,1,4,0,0,0,7,0
qwen3_8b_direct,paper2136,Data/paper2136/content.txt,8,8,2,4,0,0,0,6,0
qwen3_8b_direct,paper2139,Data/paper2139/content.txt,8,8,0,0,0,0,0,8,0
qwen3_8b_direct,paper214,Data/paper214/content.txt,8,8,1,5,0,0,0,7,0
qwen3_8b_direct,paper2141,Data/paper2141/content.txt,8,8,0,4,0,0,0,8,0
qwen3_8b_direct,paper2150,Data/paper2150/content.txt,8,8,1,0,0,0,0,7,0
qwen3_8b_direct,paper2151,Data/paper2151/content.txt,8,8,1,3,0,0,0,7,0
qwen3_8b_direct,paper2152,Data/paper2152/content.txt,8,8,3,3,0,0,0,5,0
qwen3_8b_direct,paper2157,Data/paper2157/content.txt,8,8,3,1,0,0,0,5,0
qwen3_8b_direct,paper216,Data/paper216/content.txt,8,8,2,3,0,0,0,6,0
qwen3_8b_direct,paper2169,Data/paper2169/content.txt,8,8,0,0,0,0,0,8,0
qwen3_8b_direct,paper2172,Data/paper2172/content.txt,8,8,0,0,0,0,0,8,0
qwen3_8b_direct,paper2174,Data/paper2174/content.txt,8,8,3,3,0,0,0,5,0
qwen3_8b_direct,paper2175,Data/paper2175/content.txt,8,8,1,2,0,0,0,7,0
qwen3_8b_direct,paper2189,Data/paper2189/content.txt,8,8,2,1,0,0,0,6,0
qwen3_8b_direct,paper2195,Data/paper2195/content.txt,8,8,1,2,0,0,0,7,0
qwen3_8b_direct,paper2196,Data/paper2196/content.txt,7,7,0,1,0,0,0,7,0
qwen3_8b_direct,paper2205,Data/paper2205/content.txt,8,8,2,0,0,0,0,6,0
qwen3_8b_direct,paper2220,Data/paper2220/content.txt,8,8,1,0,0,0,0,7,0
qwen3_8b_direct,paper2225,Data/paper2225/content.txt,8,8,1,2,0,0,0,7,0
qwen3_8b_direct,paper2229,Data/paper2229/content.txt,8,8,1,4,0,0,0,7,0
qwen3_8b_direct,paper2230,Data/paper2230/content.txt,8,8,0,0,0,0,0,8,0
qwen3_8b_direct,paper2231,Data/paper2231/content.txt,8,8,4,2,0,0,0,4,0
qwen3_8b_direct,paper2241,Data/paper2241/content.txt,8,8,0,0,0,0,0,8,0
qwen3_8b_direct,paper2243,Data/paper2243/content.txt,8,8,0,2,0,0,0,8,0
qwen3_8b_direct,paper2255,Data/paper2255/content.txt,7,7,1,3,0,0,0,6,0
qwen3_8b_direct,paper2258,Data/paper2258/content.txt,8,8,6,1,0,0,0,2,0
qwen3_8b_direct,paper2265,Data/paper2265/content.txt,8,8,2,4,0,0,0,6,0
qwen3_8b_direct,paper2273,Data/paper2273/content.txt,8,8,3,2,0,0,0,5,0
qwen3_8b_direct,paper2283,Data/paper2283/content.txt,8,8,2,3,0,0,0,6,0
qwen3_8b_direct,paper2284,Data/paper2284/content.txt,8,8,0,0,0,0,0,8,0
qwen3_8b_direct,paper2290,Data/paper2290/content.txt,8,8,0,2,0,0,0,8,0
qwen3_8b_direct,paper2291,Data/paper2291/content.txt,8,8,0,0,0,0,0,8,0
qwen3_8b_direct,paper23,Data/paper23/content.txt,8,8,2,1,0,0,0,6,0
qwen3_8b_direct,paper230,Data/paper230/content.txt,8,8,4,2,0,0,0,4,0
qwen3_8b_direct,paper2305,Data/paper2305/content.txt,8,8,2,5,0,0,0,6,0
qwen3_8b_direct,paper2312,Data/paper2312/content.txt,8,8,3,5,0,0,0,5,0
qwen3_8b_direct,paper2313,Data/paper2313/content.txt,8,8,3,3,0,0,0,5,0
qwen3_8b_direct,paper2316,Data/paper2316/content.txt,8,8,0,5,0,0,0,8,0
qwen3_8b_direct,paper2325,Data/paper2325/content.txt,8,8,0,0,0,0,0,8,0
qwen3_8b_direct,paper233,Data/paper233/content.txt,8,8,5,1,0,0,0,3,0
qwen3_8b_direct,paper2330,Data/paper2330/content.txt,8,8,3,5,0,0,0,5,0
qwen3_8b_direct,paper2338,Data/paper2338/content.txt,8,8,2,1,0,0,0,6,0
qwen3_8b_direct,paper234,Data/paper234/content.txt,8,8,2,4,0,0,0,6,0
qwen3_8b_direct,paper2346,Data/paper2346/content.txt,8,8,4,3,0,0,0,4,0
qwen3_8b_direct,paper2348,Data/paper2348/content.txt,8,8,2,4,0,0,0,6,0
qwen3_8b_direct,paper2349,Data/paper2349/content.txt,8,8,5,2,0,0,0,3,0
qwen3_8b_direct,paper2355,Data/paper2355/content.txt,8,8,3,1,0,0,0,5,0
qwen3_8b_direct,paper2367,Data/paper2367/content.txt,8,8,4,4,0,0,0,4,0
qwen3_8b_direct,paper2371,Data/paper2371/content.txt,8,8,1,6,0,0,0,7,0
qwen3_8b_direct,paper2376,Data/paper2376/content.txt,8,8,5,3,0,0,0,3,0
qwen3_8b_direct,paper2378,Data/paper2378/content.txt,8,8,3,2,0,0,0,5,0
qwen3_8b_direct,paper2379,Data/paper2379/content.txt,8,8,1,6,0,0,0,7,0
qwen3_8b_direct,paper2384,Data/paper2384/content.txt,8,8,6,0,0,0,0,2,0
qwen3_8b_direct,paper2385,Data/paper2385/content.txt,8,8,5,3,0,0,0,3,0
qwen3_8b_direct,paper2386,Data/paper2386/content.txt,8,8,6,2,0,0,0,2,0
qwen3_8b_direct,paper2387,Data/paper2387/content.txt,2,2,0,0,0,0,0,2,0
qwen3_8b_direct,paper2388,Data/paper2388/content.txt,8,8,0,8,0,0,0,8,0
qwen3_8b_direct,paper2389,Data/paper2389/content.txt,4,4,0,0,0,0,0,4,0
qwen3_8b_direct,paper2391,Data/paper2391/content.txt,8,8,0,1,0,0,0,8,0
qwen3_8b_direct,paper2399,Data/paper2399/content.txt,8,8,7,1,0,0,0,1,0
qwen3_8b_direct,paper2409,Data/paper2409/content.txt,8,8,4,3,0,0,0,4,0
qwen3_8b_direct,paper242,Data/paper242/content.txt,8,8,3,4,0,0,0,5,0
qwen3_8b_direct,paper2424,Data/paper2424/content.txt,5,5,3,0,0,0,0,2,0
qwen3_8b_direct,paper2437,Data/paper2437/content.txt,8,8,3,4,0,0,0,5,0
qwen3_8b_direct,paper2443,Data/paper2443/content.txt,8,8,2,5,0,0,0,6,0
qwen3_8b_direct,paper2446,Data/paper2446/content.txt,8,8,4,4,0,0,0,4,0
qwen3_8b_direct,paper2448,Data/paper2448/content.txt,8,8,3,5,0,0,0,5,0
qwen3_8b_direct,paper245,Data/paper245/content.txt,8,8,3,4,0,0,0,5,0
qwen3_8b_direct,paper2451,Data/paper2451/content.txt,8,8,1,7,0,0,0,7,0
qwen3_8b_direct,paper2454,Data/paper2454/content.txt,8,8,0,0,6,0,0,2,0
qwen3_8b_direct,paper2455,Data/paper2455/content.txt,8,8,0,1,0,0,0,8,0
qwen3_8b_direct,paper2456,Data/paper2456/content.txt,8,8,4,4,0,0,0,4,0
qwen3_8b_direct,paper2459,Data/paper2459/content.txt,8,8,0,2,0,0,0,8,0
qwen3_8b_direct,paper2462,Data/paper2462/content.txt,7,7,1,2,0,0,0,6,0
qwen3_8b_direct,paper2467,Data/paper2467/content.txt,8,8,0,0,1,0,0,7,0
qwen3_8b_direct,paper2473,Data/paper2473/content.txt,8,8,0,0,0,0,0,8,0
qwen3_8b_direct,paper248,Data/paper248/content.txt,8,8,0,2,0,0,0,8,0
qwen3_8b_direct,paper2486,Data/paper2486/content.txt,8,8,7,1,0,0,0,1,0
qwen3_8b_direct,paper2509,Data/paper2509/content.txt,8,8,6,1,0,0,0,2,0
qwen3_8b_direct,paper2511,Data/paper2511/content.txt,8,8,2,5,0,0,0,6,0
qwen3_8b_direct,paper2520,Data/paper2520/content.txt,7,7,0,0,0,0,0,7,0
qwen3_8b_direct,paper2522,Data/paper2522/content.txt,8,8,2,4,0,0,0,6,0
qwen3_8b_direct,paper2533,Data/paper2533/content.txt,7,7,0,0,0,0,0,7,0
qwen3_8b_direct,paper2542,Data/paper2542/content.txt,8,8,0,4,0,0,0,8,0
qwen3_8b_direct,paper2548,Data/paper2548/content.txt,7,7,1,6,0,0,0,6,0
qwen3_8b_direct,paper255,Data/paper255/content.txt,7,7,2,4,0,0,0,5,0
qwen3_8b_direct,paper2564,Data/paper2564/content.txt,8,8,6,0,0,0,0,2,0
qwen3_8b_direct,paper257,Data/paper257/content.txt,7,7,3,4,0,0,0,4,0
qwen3_8b_direct,paper2574,Data/paper2574/content.txt,8,8,3,3,0,0,0,5,0
qwen3_8b_direct,paper2576,Data/paper2576/content.txt,8,8,0,1,0,0,0,8,0
qwen3_8b_direct,paper2581,Data/paper2581/content.txt,8,8,0,1,0,0,0,8,0
qwen3_8b_direct,paper2586,Data/paper2586/content.txt,8,8,0,0,0,0,0,8,0
qwen3_8b_direct,paper2592,Data/paper2592/content.txt,8,8,4,4,0,0,0,4,0
qwen3_8b_direct,paper2593,Data/paper2593/content.txt,8,8,0,5,0,0,0,8,0
qwen3_8b_direct,paper2595,Data/paper2595/content.txt,8,8,2,2,0,0,0,6,0
qwen3_8b_direct,paper2596,Data/paper2596/content.txt,8,8,0,0,0,0,0,8,0
qwen3_8b_direct,paper2611,Data/paper2611/content.txt,8,8,0,3,0,0,0,8,0
qwen3_8b_direct,paper2615,Data/paper2615/content.txt,8,8,2,4,0,0,0,6,0
qwen3_8b_direct,paper2619,Data/paper2619/content.txt,8,8,1,6,0,0,0,7,0
qwen3_8b_direct,paper2624,Data/paper2624/content.txt,8,8,1,2,0,0,0,7,0
qwen3_8b_direct,paper2626,Data/paper2626/content.txt,8,8,0,5,0,0,0,8,0
qwen3_8b_direct,paper2631,Data/paper2631/content.txt,8,8,1,7,0,0,0,7,0
qwen3_8b_direct,paper2640,Data/paper2640/content.txt,8,8,0,4,0,0,0,8,0
qwen3_8b_direct,paper2647,Data/paper2647/content.txt,8,8,2,6,0,0,0,6,0
qwen3_8b_direct,paper2657,Data/paper2657/content.txt,8,8,4,4,0,0,0,4,0
qwen3_8b_direct,paper2661,Data/paper2661/content.txt,8,8,0,2,0,0,0,8,0
qwen3_8b_direct,paper2662,Data/paper2662/content.txt,8,8,3,2,0,0,0,5,0
qwen3_8b_direct,paper2664,Data/paper2664/content.txt,8,8,1,2,0,0,0,7,0
qwen3_8b_direct,paper2677,Data/paper2677/content.txt,8,8,2,5,3,0,0,3,0
qwen3_8b_direct,paper2679,Data/paper2679/content.txt,8,8,4,3,0,0,0,4,0
qwen3_8b_direct,paper2695,Data/paper2695/content.txt,8,8,2,1,0,0,0,6,0
qwen3_8b_direct,paper27,Data/paper27/content.txt,0,0,0,0,0,0,0,0,0
qwen3_8b_direct,paper2708,Data/paper2708/content.txt,8,8,5,3,0,0,0,3,0
qwen3_8b_direct,paper2709,Data/paper2709/content.txt,8,8,3,2,0,0,0,5,0
qwen3_8b_direct,paper2714,Data/paper2714/content.txt,8,8,2,2,0,0,0,6,0
qwen3_8b_direct,paper2715,Data/paper2715/content.txt,8,8,0,0,1,0,0,7,0
qwen3_8b_direct,paper2720,Data/paper2720/content.txt,8,8,5,3,0,0,0,3,0
qwen3_8b_direct,paper2728,Data/paper2728/content.txt,7,7,7,0,0,0,0,0,0
qwen3_8b_direct,paper2736,Data/paper2736/content.txt,7,7,1,0,0,0,0,6,0
qwen3_8b_direct,paper2739,Data/paper2739/content.txt,8,8,2,5,0,0,0,6,0
qwen3_8b_direct,paper2746,Data/paper2746/content.txt,8,8,1,2,0,0,0,7,0
qwen3_8b_direct,paper2748,Data/paper2748/content.txt,8,8,5,0,0,0,0,3,0
qwen3_8b_direct,paper2751,Data/paper2751/content.txt,8,8,6,2,0,0,0,2,0
qwen3_8b_direct,paper2752,Data/paper2752/content.txt,8,8,2,5,0,0,0,6,0
qwen3_8b_direct,paper2767,Data/paper2767/content.txt,8,8,1,2,0,0,0,7,0
qwen3_8b_direct,paper2779,Data/paper2779/content.txt,8,8,4,1,0,0,0,4,0
qwen3_8b_direct,paper278,Data/paper278/content.txt,8,8,2,6,0,0,0,6,0
qwen3_8b_direct,paper2788,Data/paper2788/content.txt,8,8,2,5,0,0,0,6,0
qwen3_8b_direct,paper2791,Data/paper2791/content.txt,0,0,0,0,0,0,0,0,0
qwen3_8b_direct,paper28,Data/paper28/content.txt,0,0,0,0,0,0,0,0,0
qwen3_8b_direct,paper2801,Data/paper2801/content.txt,0,0,0,0,0,0,0,0,0
qwen3_8b_direct,paper2812,Data/paper2812/content.txt,0,0,0,0,0,0,0,0,0
qwen3_8b_direct,paper2816,Data/paper2816/content.txt,4,4,4,0,0,0,0,0,0
qwen3_8b_direct,paper2832,Data/paper2832/content.txt,0,0,0,0,0,0,0,0,0
qwen3_8b_direct,paper2841,Data/paper2841/content.txt,5,5,0,3,0,0,0,5,0
qwen3_8b_direct,paper2847,Data/paper2847/content.txt,8,8,2,4,0,0,0,6,0
qwen3_8b_direct,paper285,Data/paper285/content.txt,8,8,2,5,0,0,0,6,0
qwen3_8b_direct,paper2860,Data/paper2860/content.txt,5,5,1,4,0,0,0,4,0
qwen3_8b_direct,paper2865,Data/paper2865/content.txt,8,8,2,3,0,0,0,6,0
qwen3_8b_direct,paper2867,Data/paper2867/content.txt,0,0,0,0,0,0,0,0,0
qwen3_8b_direct,paper2868,Data/paper2868/content.txt,8,8,5,3,0,0,0,3,0
qwen3_8b_direct,paper2873,Data/paper2873/content.txt,8,8,2,5,0,0,0,6,0
qwen3_8b_direct,paper2886,Data/paper2886/content.txt,8,8,0,3,0,0,0,8,0
qwen3_8b_direct,paper289,Data/paper289/content.txt,8,8,5,2,0,0,0,3,0
qwen3_8b_direct,paper2891,Data/paper2891/content.txt,8,8,2,5,0,0,0,6,0
qwen3_8b_direct,paper2892,Data/paper2892/content.txt,8,8,4,4,0,0,0,4,0
qwen3_8b_direct,paper2898,Data/paper2898/content.txt,8,8,0,7,0,0,0,8,0
qwen3_8b_direct,paper2901,Data/paper2901/content.txt,8,8,4,3,0,0,0,4,0
qwen3_8b_direct,paper2913,Data/paper2913/content.txt,8,8,2,6,0,0,0,6,0
qwen3_8b_direct,paper2914,Data/paper2914/content.txt,8,8,2,5,0,0,0,6,0
qwen3_8b_direct,paper2918,Data/paper2918/content.txt,8,8,5,3,0,0,0,3,0
qwen3_8b_direct,paper293,Data/paper293/content.txt,0,0,0,0,0,0,0,0,0
qwen3_8b_direct,paper2934,Data/paper2934/content.txt,8,8,1,4,0,0,0,7,0
qwen3_8b_direct,paper2948,Data/paper2948/content.txt,8,8,2,5,0,0,0,6,0
qwen3_8b_direct,paper2960,Data/paper2960/content.txt,8,8,1,5,0,0,0,7,0
qwen3_8b_direct,paper2961,Data/paper2961/content.txt,8,8,0,0,0,0,0,8,0
qwen3_8b_direct,paper2972,Data/paper2972/content.txt,8,8,0,1,0,0,0,8,0
qwen3_8b_direct,paper2982,Data/paper2982/content.txt,8,8,1,4,0,0,0,7,0
qwen3_8b_direct,paper2997,Data/paper2997/content.txt,8,8,3,4,0,0,0,5,0
qwen3_8b_direct,paper2999,Data/paper2999/content.txt,0,0,0,0,0,0,0,0,0
qwen3_8b_direct,paper300,Data/paper300/content.txt,8,8,3,4,0,0,0,5,0
qwen3_8b_direct,paper3015,Data/paper3015/content.txt,8,8,1,4,0,0,0,7,0
qwen3_8b_direct,paper3016,Data/paper3016/content.txt,8,8,2,3,0,0,0,6,0
qwen3_8b_direct,paper3052,Data/paper3052/content.txt,8,8,0,5,0,0,0,8,0
qwen3_8b_direct,paper3058,Data/paper3058/content.txt,8,8,1,5,0,0,0,7,0
qwen3_8b_direct,paper3071,Data/paper3071/content.txt,8,8,5,1,0,0,0,3,0
qwen3_8b_direct,paper3086,Data/paper3086/content.txt,8,8,0,2,0,0,0,8,0
qwen3_8b_direct,paper3092,Data/paper3092/content.txt,8,8,0,3,0,0,0,8,0
qwen3_8b_direct,paper3096,Data/paper3096/content.txt,8,8,0,4,0,0,0,8,0
qwen3_8b_direct,paper3098,Data/paper3098/content.txt,7,7,1,4,0,0,0,6,0
qwen3_8b_direct,paper3101,Data/paper3101/content.txt,8,8,0,0,0,0,0,8,0
qwen3_8b_direct,paper3107,Data/paper3107/content.txt,8,8,0,0,0,0,0,8,0
qwen3_8b_direct,paper3111,Data/paper3111/content.txt,8,8,5,3,0,0,0,3,0
qwen3_8b_direct,paper3117,Data/paper3117/content.txt,7,7,0,3,0,0,0,7,0
qwen3_8b_direct,paper3128,Data/paper3128/content.txt,8,8,1,3,0,0,0,7,0
qwen3_8b_direct,paper3130,Data/paper3130/content.txt,8,8,0,8,0,0,0,8,0
qwen3_8b_direct,paper3134,Data/paper3134/content.txt,8,8,2,4,0,0,0,6,0
qwen3_8b_direct,paper3152,Data/paper3152/content.txt,8,8,3,5,0,0,0,5,0
qwen3_8b_direct,paper3155,Data/paper3155/content.txt,8,8,1,3,0,0,0,7,0
qwen3_8b_direct,paper3157,Data/paper3157/content.txt,8,8,1,1,0,0,0,7,0
qwen3_8b_direct,paper3162,Data/paper3162/content.txt,8,8,0,0,0,0,0,8,0
qwen3_8b_direct,paper3189,Data/paper3189/content.txt,8,8,3,4,0,0,0,5,0
qwen3_8b_direct,paper3194,Data/paper3194/content.txt,8,8,1,5,0,0,0,7,0
qwen3_8b_direct,paper320,Data/paper320/content.txt,8,8,4,3,0,0,0,4,0
qwen3_8b_direct,paper3202,Data/paper3202/content.txt,8,8,4,1,0,0,0,4,0
qwen3_8b_direct,paper3205,Data/paper3205/content.txt,8,8,2,3,0,0,0,6,0
qwen3_8b_direct,paper3214,Data/paper3214/content.txt,8,8,3,4,0,0,0,5,0
qwen3_8b_direct,paper3216,Data/paper3216/content.txt,8,8,3,2,0,0,0,5,0
qwen3_8b_direct,paper322,Data/paper322/content.txt,8,8,2,3,2,0,0,4,0
qwen3_8b_direct,paper3229,Data/paper3229/content.txt,8,8,2,5,0,0,0,6,0
qwen3_8b_direct,paper3238,Data/paper3238/content.txt,8,8,3,4,0,0,0,5,0
qwen3_8b_direct,paper3249,Data/paper3249/content.txt,8,8,0,0,0,0,0,8,0
qwen3_8b_direct,paper325,Data/paper325/content.txt,8,8,5,2,0,0,0,3,0
qwen3_8b_direct,paper3258,Data/paper3258/content.txt,8,8,1,3,0,0,0,7,0
qwen3_8b_direct,paper326,Data/paper326/content.txt,8,8,2,1,0,0,0,6,0
qwen3_8b_direct,paper3273,Data/paper3273/content.txt,0,0,0,0,0,0,0,0,0
qwen3_8b_direct,paper3288,Data/paper3288/content.txt,8,8,3,5,0,0,0,5,0
qwen3_8b_direct,paper3293,Data/paper3293/content.txt,8,8,5,3,0,0,0,3,0
qwen3_8b_direct,paper3308,Data/paper3308/content.txt,8,8,1,7,0,0,0,7,0
qwen3_8b_direct,paper3313,Data/paper3313/content.txt,4,4,2,2,0,0,0,2,0
qwen3_8b_direct,paper3319,Data/paper3319/content.txt,8,8,0,1,0,0,0,8,0
qwen3_8b_direct,paper3328,Data/paper3328/content.txt,8,8,1,3,0,0,0,7,0
qwen3_8b_direct,paper3333,Data/paper3333/content.txt,8,8,0,0,0,0,0,8,0
qwen3_8b_direct,paper3340,Data/paper3340/content.txt,8,8,2,4,0,0,0,6,0
qwen3_8b_direct,paper3346,Data/paper3346/content.txt,2,2,2,0,0,0,0,0,0
qwen3_8b_direct,paper3351,Data/paper3351/content.txt,8,8,2,5,0,0,0,6,0
qwen3_8b_direct,paper3359,Data/paper3359/content.txt,8,8,3,4,0,0,0,5,0
qwen3_8b_direct,paper336,Data/paper336/content.txt,8,8,2,2,0,0,0,6,0
qwen3_8b_direct,paper337,Data/paper337/content.txt,8,8,0,0,0,0,0,8,0
qwen3_8b_direct,paper3379,Data/paper3379/content.txt,8,8,1,3,0,0,0,7,0
qwen3_8b_direct,paper3389,Data/paper3389/content.txt,8,8,0,0,0,0,0,8,0
qwen3_8b_direct,paper342,Data/paper342/content.txt,8,8,0,1,0,0,0,8,0
qwen3_8b_direct,paper347,Data/paper347/content.txt,8,8,1,0,0,0,0,7,0
qwen3_8b_direct,paper35,Data/paper35/content.txt,8,8,6,2,0,0,0,2,0
qwen3_8b_direct,paper350,Data/paper350/content.txt,8,8,0,0,0,0,0,8,0
qwen3_8b_direct,paper358,Data/paper358/content.txt,8,8,1,3,0,0,0,7,0
qwen3_8b_direct,paper379,Data/paper379/content.txt,7,7,3,2,0,0,0,4,0
qwen3_8b_direct,paper38,Data/paper38/content.txt,8,8,4,3,0,0,0,4,0
qwen3_8b_direct,paper382,Data/paper382/content.txt,7,7,3,1,0,0,0,4,0
qwen3_8b_direct,paper390,Data/paper390/content.txt,8,8,0,2,0,0,0,8,0
qwen3_8b_direct,paper398,Data/paper398/content.txt,8,8,5,2,0,0,0,3,0
qwen3_8b_direct,paper404,Data/paper404/content.txt,8,8,0,0,0,0,0,8,0
qwen3_8b_direct,paper425,Data/paper425/content.txt,8,8,4,2,0,0,0,4,0
qwen3_8b_direct,paper43,Data/paper43/content.txt,8,8,0,0,6,0,0,2,0
qwen3_8b_direct,paper431,Data/paper431/content.txt,7,7,0,3,0,0,0,7,0
qwen3_8b_direct,paper432,Data/paper432/content.txt,8,8,4,2,0,0,0,4,0
qwen3_8b_direct,paper447,Data/paper447/content.txt,8,8,1,1,0,0,0,7,0
qwen3_8b_direct,paper450,Data/paper450/content.txt,0,0,0,0,0,0,0,0,0
qwen3_8b_direct,paper451,Data/paper451/content.txt,8,8,2,1,0,0,0,6,0
qwen3_8b_direct,paper452,Data/paper452/content.txt,8,8,0,0,0,0,0,8,0
qwen3_8b_direct,paper459,Data/paper459/content.txt,7,7,3,3,0,0,0,4,0
qwen3_8b_direct,paper460,Data/paper460/content.txt,8,8,3,5,0,0,0,5,0
qwen3_8b_direct,paper463,Data/paper463/content.txt,7,7,0,3,0,0,0,7,0
qwen3_8b_direct,paper473,Data/paper473/content.txt,0,0,0,0,0,0,0,0,0
qwen3_8b_direct,paper475,Data/paper475/content.txt,8,8,1,5,0,0,0,7,0
qwen3_8b_direct,paper483,Data/paper483/content.txt,7,7,0,0,0,0,0,7,0
qwen3_8b_direct,paper498,Data/paper498/content.txt,8,8,0,3,0,0,0,8,0
qwen3_8b_direct,paper509,Data/paper509/content.txt,7,7,6,1,0,0,0,1,0
qwen3_8b_direct,paper510,Data/paper510/content.txt,8,8,1,2,0,0,0,7,0
qwen3_8b_direct,paper514,Data/paper514/content.txt,8,8,1,4,0,0,0,7,0
qwen3_8b_direct,paper519,Data/paper519/content.txt,8,8,5,3,0,0,0,3,0
qwen3_8b_direct,paper524,Data/paper524/content.txt,8,8,6,2,0,0,0,2,0
qwen3_8b_direct,paper528,Data/paper528/content.txt,8,8,0,0,0,0,0,8,0
qwen3_8b_direct,paper529,Data/paper529/content.txt,8,8,1,2,0,0,0,7,0
qwen3_8b_direct,paper530,Data/paper530/content.txt,8,8,0,3,0,0,0,8,0
qwen3_8b_direct,paper534,Data/paper534/content.txt,8,8,1,4,0,0,0,7,0
qwen3_8b_direct,paper54,Data/paper54/content.txt,5,5,5,0,0,0,0,0,0
qwen3_8b_direct,paper555,Data/paper555/content.txt,8,8,1,2,0,0,0,7,0
qwen3_8b_direct,paper556,Data/paper556/content.txt,8,8,5,2,0,0,0,3,0
qwen3_8b_direct,paper568,Data/paper568/content.txt,8,8,1,5,0,0,0,7,0
qwen3_8b_direct,paper569,Data/paper569/content.txt,8,8,0,0,0,0,0,8,0
qwen3_8b_direct,paper575,Data/paper575/content.txt,8,8,2,3,0,0,0,6,0
qwen3_8b_direct,paper576,Data/paper576/content.txt,8,8,0,1,0,0,0,8,0
qwen3_8b_direct,paper583,Data/paper583/content.txt,8,8,0,0,4,0,0,4,0
qwen3_8b_direct,paper584,Data/paper584/content.txt,8,8,0,0,0,0,0,8,0
qwen3_8b_direct,paper590,Data/paper590/content.txt,0,0,0,0,0,0,0,0,0
qwen3_8b_direct,paper6,Data/paper6/content.txt,0,0,0,0,0,0,0,0,0
qwen3_8b_direct,paper609,Data/paper609/content.txt,0,0,0,0,0,0,0,0,0
qwen3_8b_direct,paper63,Data/paper63/content.txt,8,8,0,0,2,0,0,6,0
qwen3_8b_direct,paper630,Data/paper630/content.txt,8,8,3,2,0,0,0,5,0
qwen3_8b_direct,paper637,Data/paper637/content.txt,8,8,4,4,0,0,0,4,0
qwen3_8b_direct,paper64,Data/paper64/content.txt,8,8,3,3,0,0,0,5,0
qwen3_8b_direct,paper658,Data/paper658/content.txt,8,8,1,3,0,0,0,7,0
qwen3_8b_direct,paper659,Data/paper659/content.txt,8,8,1,2,0,0,0,7,0
qwen3_8b_direct,paper671,Data/paper671/content.txt,7,7,2,5,0,0,0,5,0
qwen3_8b_direct,paper68,Data/paper68/content.txt,8,8,0,2,0,0,0,8,0
qwen3_8b_direct,paper697,Data/paper697/content.txt,8,8,3,5,0,0,0,5,0
qwen3_8b_direct,paper699,Data/paper699/content.txt,8,8,3,2,0,0,0,5,0
qwen3_8b_direct,paper7,Data/paper7/content.txt,8,8,4,3,0,0,0,4,0
qwen3_8b_direct,paper705,Data/paper705/content.txt,8,8,4,3,0,0,0,4,0
qwen3_8b_direct,paper708,Data/paper708/content.txt,8,8,5,3,0,0,0,3,0
qwen3_8b_direct,paper710,Data/paper710/content.txt,7,7,3,4,0,0,0,4,0
qwen3_8b_direct,paper72,Data/paper72/content.txt,8,8,2,5,0,0,0,6,0
qwen3_8b_direct,paper724,Data/paper724/content.txt,8,8,2,4,0,0,0,6,0
qwen3_8b_direct,paper726,Data/paper726/content.txt,8,8,0,0,0,0,0,8,0
qwen3_8b_direct,paper731,Data/paper731/content.txt,8,8,2,3,0,0,0,6,0
qwen3_8b_direct,paper75,Data/paper75/content.txt,8,8,1,7,0,0,0,7,0
qwen3_8b_direct,paper755,Data/paper755/content.txt,8,8,0,0,0,0,0,8,0
qwen3_8b_direct,paper761,Data/paper761/content.txt,8,8,1,5,0,0,0,7,0
qwen3_8b_direct,paper764,Data/paper764/content.txt,8,8,3,5,0,0,0,5,0
qwen3_8b_direct,paper768,Data/paper768/content.txt,8,8,4,4,0,0,0,4,0
qwen3_8b_direct,paper769,Data/paper769/content.txt,8,8,3,0,0,0,0,5,0
qwen3_8b_direct,paper770,Data/paper770/content.txt,8,8,2,6,0,0,0,6,0
qwen3_8b_direct,paper773,Data/paper773/content.txt,8,8,0,0,5,0,0,3,0
qwen3_8b_direct,paper780,Data/paper780/content.txt,8,8,5,3,0,0,0,3,0
qwen3_8b_direct,paper785,Data/paper785/content.txt,8,8,1,4,0,0,0,7,0
qwen3_8b_direct,paper789,Data/paper789/content.txt,8,8,0,6,0,0,0,8,0
qwen3_8b_direct,paper793,Data/paper793/content.txt,8,8,0,1,8,0,0,0,0
qwen3_8b_direct,paper8,Data/paper8/content.txt,8,8,1,6,0,0,0,7,0
qwen3_8b_direct,paper812,Data/paper812/content.txt,8,8,0,0,0,0,0,8,0
qwen3_8b_direct,paper814,Data/paper814/content.txt,8,8,0,3,0,0,0,8,0
qwen3_8b_direct,paper819,Data/paper819/content.txt,8,8,2,5,0,0,0,6,0
qwen3_8b_direct,paper823,Data/paper823/content.txt,8,8,2,4,0,0,0,6,0
qwen3_8b_direct,paper825,Data/paper825/content.txt,8,8,0,5,0,0,0,8,0
qwen3_8b_direct,paper829,Data/paper829/content.txt,8,8,5,2,0,0,0,3,0
qwen3_8b_direct,paper833,Data/paper833/content.txt,8,8,3,5,0,0,0,5,0
qwen3_8b_direct,paper836,Data/paper836/content.txt,7,7,5,1,0,0,0,2,0
qwen3_8b_direct,paper837,Data/paper837/content.txt,8,8,1,6,0,0,0,7,0
qwen3_8b_direct,paper854,Data/paper854/content.txt,8,8,1,5,0,0,0,7,0
qwen3_8b_direct,paper859,Data/paper859/content.txt,8,8,4,3,0,0,0,4,0
qwen3_8b_direct,paper863,Data/paper863/content.txt,8,8,3,5,0,0,0,5,0
qwen3_8b_direct,paper875,Data/paper875/content.txt,8,8,3,4,0,0,0,5,0
qwen3_8b_direct,paper876,Data/paper876/content.txt,8,8,5,2,0,0,0,3,0
qwen3_8b_direct,paper878,Data/paper878/content.txt,7,7,5,2,0,0,0,2,0
qwen3_8b_direct,paper883,Data/paper883/content.txt,8,8,6,1,0,0,0,2,0
qwen3_8b_direct,paper884,Data/paper884/content.txt,8,8,3,5,0,0,0,5,0
qwen3_8b_direct,paper890,Data/paper890/content.txt,8,8,0,1,0,0,0,8,0
qwen3_8b_direct,paper891,Data/paper891/content.txt,8,8,2,6,0,0,0,6,0
qwen3_8b_direct,paper894,Data/paper894/content.txt,8,8,2,6,0,0,0,6,0
qwen3_8b_direct,paper897,Data/paper897/content.txt,8,8,2,4,0,0,0,6,0
qwen3_8b_direct,paper9,Data/paper9/content.txt,0,0,0,0,0,0,0,0,0
qwen3_8b_direct,paper926,Data/paper926/content.txt,8,8,0,8,0,0,0,8,0
qwen3_8b_direct,paper93,Data/paper93/content.txt,8,8,0,0,5,0,0,3,0
qwen3_8b_direct,paper930,Data/paper930/content.txt,8,8,3,5,0,0,0,5,0
qwen3_8b_direct,paper94,Data/paper94/content.txt,8,8,4,1,0,0,0,4,0
qwen3_8b_direct,paper95,Data/paper95/content.txt,7,7,0,0,4,0,0,3,0
qwen3_8b_direct,paper952,Data/paper952/content.txt,7,7,2,1,0,0,0,5,0
qwen3_8b_direct,paper956,Data/paper956/content.txt,8,8,4,2,0,0,0,4,0
qwen3_8b_direct,paper962,Data/paper962/content.txt,7,7,3,2,0,0,0,4,0
qwen3_8b_direct,paper964,Data/paper964/content.txt,8,8,6,2,0,0,0,2,0
qwen3_8b_direct,paper966,Data/paper966/content.txt,8,8,5,1,0,0,0,3,0
qwen3_8b_direct,paper969,Data/paper969/content.txt,8,8,6,1,0,0,0,2,0
qwen3_8b_direct,paper97,Data/paper97/content.txt,1,1,1,0,0,0,0,0,0
qwen3_8b_direct,paper972,Data/paper972/content.txt,8,8,4,4,0,0,0,4,0
qwen3_8b_direct,paper977,Data/paper977/content.txt,8,8,7,1,0,0,0,1,0
qwen3_8b_direct,paper978,Data/paper978/content.txt,8,8,2,6,0,0,0,6,0
qwen3_8b_direct,paper980,Data/paper980/content.txt,8,8,6,2,0,0,0,2,0
qwen3_8b_direct,paper988,Data/paper988/content.txt,8,8,0,0,4,0,0,4,0
qwen3_8b_direct,paper990,Data/paper990/content.txt,8,8,3,3,0,0,0,5,0
qwen3_8b_direct,paper993,Data/paper993/content.txt,8,8,5,2,0,0,0,3,0
